id,name,description,sign_type,image_url,created_at,name_translation,description_translation,sign_number
003f63f1-2b88-4906-ad47-7e6f4695a663,Proximidad de un paso a nivel o de un puente móvil (lado derecho),"Indica, en el lado derecho, la proximidad de peligro señalizado de un paso a nivel, de un puente móvil o de un muelle. Esta baliza va siempre acompañada de la señal P-5, P-7, P-8 o P-27",warning,https://upload.wikimedia.org/wikipedia/commons/thumb/a/a0/Spain_traffic_signal_p9a.svg/320px-Spain_traffic_signal_p9a.svg.png,2025-03-04 19:15:44.944405+00,Приближение к железнодорожному переезду или подъёмному мосту (справа),"Указывает на приближение к опасному участку справа, где расположен железнодорожный переезд, подъёмный мост или причал. Этот знак всегда сопровождается знаками P-5, P-7, P-8 или P-27",P-9a
0113fee6-0692-4123-83a1-10c77b458359,"Uso obligatorio del cinturón de seguridad  ","
 Recuerda la obligación de utilizar el cinturón de seguridad.
",mandatory,https://upload.wikimedia.org/wikipedia/commons/thumb/e/ed/R-417.svg/240px-R-417.svg.png,2025-03-09 18:12:54.310093+00,Обязательное использование ремня безопасности,"Напоминает об обязательном использовании ремня безопасности.
","R‐417 "
01641237-1f54-4a03-a9c7-5bf40c17e546,Panel direccional estrecho,"Se utiliza para guiar el tráfico en zonas más estrechas o específicas.
",additional,https://upload.wikimedia.org/wikipedia/commons/thumb/1/1a/SeñalTB-2.svg/240px-SeñalTB-2.svg.png,2025-03-09 21:41:15.085141+00,Узкая направляющая панель,Используется для направления движения на узких или специфических участках.,TB-2
02e938d7-40cd-48cd-b139-65a86635e460,"Intersección con circulación giratoria ","
Indica una intersección con circulación giratoria.
",señales_de_obras,https://upload.wikimedia.org/wikipedia/commons/thumb/6/6e/Spain_traffic_signal_tp4.svg/240px-Spain_traffic_signal_tp4.svg.png,2025-03-09 19:53:46.186553+00,Перекресток с круговым движением,Указывает на перекресток с круговым движением.,"TP-4 "
04e50190-0b19-4399-abe2-977763f21865,Aproximación de un paso a nivel o de un puente móvil (lado izquierdo),"Indica, en el lado izquierdo, la aproximación a un paso a nivel, puente móvil o muelle, que dista de éste al menos dos tercios de la distancia entre él y la correspondiente señal de advertencia del peligro",warning,https://upload.wikimedia.org/wikipedia/commons/thumb/8/86/Spain_traffic_signal_p10b.svg/320px-Spain_traffic_signal_p10b.svg.png,2025-03-04 19:42:45.312924+00,Приближение к железнодорожному переезду или подъёмному мосту (слева),"Указывает на приближение слева к железнодорожному переезду, подъёмному мосту или причалу, находящимся на расстоянии не менее двух третей от них до соответствующего знака предупреждения об опасности",P-10b
068bec25-74e4-49ac-bd3e-4b214aea1e44,Punto de partida para excursiones a pie,Indica un lugar apropiado para iniciar excursiones a pie.,information,https://upload.wikimedia.org/wikipedia/commons/thumb/0/01/Spain_traffic_signal_s115.svg/800px-Spain_traffic_signal_s115.svg.png,2025-03-09 21:57:58.287691+00,Точка отправления для пешеходных экскурсов,"Указывает на место, подходящее для начала пеших прогулок или походов.",S-115
07826855-2960-47e7-a9fb-a076e81442ad,Proyección de gravilla,Peligro por la proximidad de un tramo de vía donde existe el riesgo de que se proyecte gravilla al pasar los vehículos,warning,https://upload.wikimedia.org/wikipedia/commons/thumb/b/b5/Spain_traffic_signal_p28.svg/1024px-Spain_traffic_signal_p28.svg.png,2025-03-04 20:25:27.619267+00,Разлет гравия,"Опасность из-за приближения к участку дороги, где существует риск, что при проезде автомобилей будет разлетаться гравий",P-28
0797bf28-5acd-46cd-bdd6-854451ec8a72,Campamento y terreno para remolques-vivienda,Indica la situación de un lugar donde puede acamparse con tienda de campaña o con remolque-vivienda.,information,https://upload.wikimedia.org/wikipedia/commons/thumb/0/03/Spain_traffic_signal_s116.svg/800px-Spain_traffic_signal_s116.svg.png,2025-03-09 21:59:13.166137+00,Кемпинг и место для прицепов-дач,"Указывает на расположение места, где разрешено размещение как палаток, так и прицепов-дач (караван).",S-116
087a5064-ea73-4858-975e-789df5d592db,Paso de uno a dos carriles de circulación,"Indica, en un tramo con un solo carril en un sentido de circulación, que en el próximo tramo se va a pasar a disponer de dos carriles en el mismo sentido de la circulación.",information,https://upload.wikimedia.org/wikipedia/commons/thumb/2/2a/Spain_traffic_signal_s53.svg/800px-Spain_traffic_signal_s53.svg.png,2025-03-09 20:55:28.68656+00,Переход от одной полосы к двум полосам,"Указывает на участке дороги с одной полосой в направлении движения, что в следующем участке будет доступно две полосы в том же направлении.",S-53
091da133-b39b-43db-a134-12593e01285a,Estacionamiento para usuarios del ferrocarril,"Indica la situación de una zona de estacionamiento conectada con una estación de ferrocarril, y destinada principalmente para los vehículos de los usuarios que realizan una parte de su viaje en vehículo privado y la otra en ferrocarril.",information,https://upload.wikimedia.org/wikipedia/commons/thumb/1/11/Spain_traffic_signal_s124.svg/800px-Spain_traffic_signal_s124.svg.png,2025-03-09 22:10:56.655359+00,Парковка для пользователей железной дороги,"Указывает расположение зоны парковки, связанной с железнодорожной станцией, предназначенной в первую очередь для автомобилей пользователей, которые совершают часть поездки на частном автомобиле и другую часть — на поезде.",S‐124
092038ee-215d-4510-82ca-34beaab18b0b,"Vía reservada y obligatoria para ciclomotores  "," Obligación para los conductores de ciclomotores de circular por la vía a cuya entrada esté situada y prohibición a los demás usuarios de la vía de utilizarla.
",mandatory,https://www.isaludes.com/media/catalog/product/cache/4cceb4fec6950b49360369487ce90f78/V/I/VIA-RESERVADA-Y-OBLIGATORIA-PARA-CICLOMOTORES-R-407B_DIS_MOP-P6FW2.jpg,2025-03-09 17:52:55.249136+00,"Выделенная и обязательная полоса для мопедов "," Обязывает водителей мопедов передвигаться по данной полосе и запрещает её использование другим участникам движения.","R‐407b "
0984715f-3ad4-43e3-abba-a2709f7b7e5d,Obras,"Advierte de la presencia de obras en la carretera.
",señales_de_obras,https://upload.wikimedia.org/wikipedia/commons/thumb/b/b2/Spain_traffic_signal_tp18.svg/240px-Spain_traffic_signal_tp18.svg.png,2025-03-09 20:41:07.361667+00,Дорожные работы,Предупреждает о наличии дорожных работ.,TP-18
0cc2d1d0-89e0-4d08-9e95-b170fe126e36,Intersección con prioridad de la derecha,Peligro por la proximidad de una intersección en la que rige la regla general de prioridad de paso,warning,https://upload.wikimedia.org/wikipedia/commons/thumb/2/2f/Spain_traffic_signal_p2.svg/1024px-Spain_traffic_signal_p2.svg.png,2025-03-04 18:54:54.370062+00,Перекрёсток с приоритетом для движения справа,"Опасность из-за приближения к перекрёстку, на котором действует общее правило приоритета проезда – преимущество у транспортных средств, движущихся справа",P-2
0de433af-c451-44a9-9e2a-e1cbb37e5abd,Paso de animales domésticos,Peligro por la proximidad de un lugar donde frecuentemente la vía puede ser atravesada por animales domésticos o ganado,warning,https://upload.wikimedia.org/wikipedia/commons/thumb/1/19/Spain_traffic_signal_p23.svg/1024px-Spain_traffic_signal_p23.svg.png,2025-03-04 20:19:04.961248+00,Переход домашних животных,"Опасность из-за приближения к месту, где часто дорогу могут пересекать домашние животные или скот",P-23
0dfa3c3d-fe79-4ead-a3ed-ea5dc780a652,Fin de zona peatonal,"Indica el fin de una zona reservada para el uso peatonal, con las
excepciones que establezca la administración competente.",information,https://upload.wikimedia.org/wikipedia/commons/thumb/5/54/Spain_traffic_signal_s31a%2C_2023_set.svg/640px-Spain_traffic_signal_s31a%2C_2023_set.svg.png,2025-03-09 19:10:01.844382+00,Конец пешеходной зоны,"Указывает на окончание территории, предназначенной исключительно для пешеходов, с исключениями, установленными компетентными органами.",S‐31a
0ea1ae07-4358-4f59-ac27-fa5e4487622f,Calle Cortada,"Indican que, de la calzada que figura en la señal con un recuadro rojo, los vehículos solo pueden salir por el lugar de entrada.",information,https://upload.wikimedia.org/wikipedia/commons/thumb/5/5a/Spain_traffic_signal_s15a.svg/800px-Spain_traffic_signal_s15a.svg.png,2025-03-09 18:42:43.331312+00,Закрытая улица,"Указывает, что с проезжей части, изображенной на знаке с красной рамкой, транспортные средства могут выезжать только в том месте, где был заезд.",S-15a
0f7240f0-0804-4297-9e0e-eec4efb07c76,Escalón lateral,Peligro por la existencia de un desnivel a lo largo de la vía en el lado que indique el símbolo,warning,https://upload.wikimedia.org/wikipedia/commons/thumb/b/bb/Spain_traffic_signal_p30.svg/1024px-Spain_traffic_signal_p30.svg.png,2025-03-04 20:27:56.475106+00,Боковой уступ,"Опасность из-за наличия перепада высот вдоль дороги с той стороны, на которой показан символ",P-30
0fd7de69-5100-4d1b-8227-ae2332e408f2,Taller de reparación,Indica la situación de un taller de reparación de automóviles.,information,https://upload.wikimedia.org/wikipedia/commons/thumb/4/4d/Spain_traffic_signal_s103.svg/800px-Spain_traffic_signal_s103.svg.png,2025-03-09 21:40:30.372+00,Сервисный центр,"Указывает на расположение автосервиса, где выполняются ремонты автомобилей.",S-103
102b1f43-5c80-4472-8815-3623629fc345,Entrada prohibida,Prohibición de acceso a toda clase de vehículos.,priority,https://upload.wikimedia.org/wikipedia/commons/thumb/7/75/Spain_traffic_signal_r101.svg/240px-Spain_traffic_signal_r101.svg.png,2025-03-04 19:10:12.115512+00,Въезд запрещён,Запрещает въезд всем видам транспортных средств.,R‐101
11778dca-05ac-4d22-95d3-03bc9312ebf7,Badén,"ndica la presencia de un badén en la carretera.
",señales_de_obras,https://upload.wikimedia.org/wikipedia/commons/thumb/a/a8/Spain_traffic_signal_tp15b.svg/240px-Spain_traffic_signal_tp15b.svg.png,2025-03-09 20:00:42.251162+00,Выбоина," Указывает на наличие выбоины на дороге.",TP-15b
11f78d26-4a71-4110-b78a-a03026ddcfaf,Carriles reservados para tráfico en función de la velocidad señalizada,"Indica que el carril sobre el que está situada la señal de velocidad mínima solo puede ser utilizado por los vehículos que circulen a velocidad igual o superior a la indicada, aunque si las circunstancias lo permiten deben circular por el carril de la derecha. El final de la obligatoriedad de velocidad mínima vendrá establecido por la señal S-52 o R-506.",information,https://upload.wikimedia.org/wikipedia/commons/thumb/0/0f/Spain_traffic_signal_s50e.svg/1280px-Spain_traffic_signal_s50e.svg.png,2025-03-09 20:40:27.300368+00,"Полосы, зарезервированные для движения в зависимости от установленной скорости","Указывает, что полоса, на которой установлен знак минимальной скорости, может быть использована только транспортными средствами, движущимися с указанной или более высокой скоростью. Однако, если условия позволяют, транспортные средства должны двигаться по правой полосе. Конец обязательности минимальной скорости будет обозначен знаком S-52 или R-506.",S-50e
12507e8a-c3c4-4feb-acb4-94865e18159f,Situación de un paso para peatones y ciclistas,Indica la situación de un paso de peatones adosado o compartido con un paso de ciclistas.,information,https://upload.wikimedia.org/wikipedia/commons/thumb/e/e1/Spain_traffic_signal_s46%2C_2023_set.svg/640px-Spain_traffic_signal_s46%2C_2023_set.svg.png,2025-03-09 19:24:41.860628+00,Местоположение пешеходного и велосипедного перехода,"Указывает на местоположение пешеходного перехода, совмещенного или прилегающего к велосипедному переходу.",S‐46
1254be4a-3768-4276-a3f8-ed0e79901dd2,Preseñalización complementaria de poblaciones en autopista o autovía.,"Indica poblaciones cercanas de más de 5.000 habitantes a las que se puede acceder desde la salida que figura en el subcartel superior, así como la distancia hasta esta.",information,https://estampacionescasado.com/wp-content/uploads/2020/09/S-246-scaled.jpg,2025-03-10 19:49:29.833247+00,Дополнительное предварительное обозначение населенных пунктов на автомагистрали или автостраде.,"Указывает ближайшие населенные пункты с населением более 5 000 человек, к которым можно добраться с выезда, указанного на верхнем подзнаке, а также расстояние до них.",S‐246
151cc06a-58e8-462e-8354-80951717a42b,Vía exclusiva para vehículos dotados de equipo de telepeaje operativo. Telepeaje obligatorio.,"
Obligación de efectuar el pago del peaje mediante el sistema de peaje dinámico o telepeaje; el vehículo que circule por el carril o carriles así señalizados deberá estar provisto del medio técnico que posibilite su uso en condiciones operativas de acuerdo con las disposiciones legales en la materia.

",mandatory,https://upload.wikimedia.org/wikipedia/commons/thumb/7/79/R-418_telepeaje.svg/240px-R-418_telepeaje.svg.png,2025-03-09 18:14:13.87845+00,Обязательное использование системы электронного платежа (телеплата),"Обязывает водителей транспортных средств оплачивать проезд через систему электронного платежа (телеплату). Транспортное средство, движущееся по полосе, обозначенной этим знаком, должно быть оснащено техническим средством, позволяющим производить оплату в соответствии с установленными нормами.","R‐418 "
169df86c-5cc6-4f49-a893-024c27646935,Zona peatonal,"Indica una zona reservada para el uso peatonal, con las excepciones que establezca la administración competente.",information,https://upload.wikimedia.org/wikipedia/commons/thumb/6/63/Spain_traffic_signal_s30a%2C_2023_set.svg/640px-Spain_traffic_signal_s30a%2C_2023_set.svg.png,2025-03-09 19:09:06.433029+00,Пешеходная зона,"Указывает на территорию, предназначенную исключительно для пешеходов, с исключениями, установленными компетентными органами.",S‐30a
18aca27a-afdd-462c-a4a8-6d0e78046b3f,Vía reservada para ciclos adosada a calzada de un único sentido de circulación,"Indica, en calzadas de un único sentido de circulación, que el carril sobre el que está situada la señal está reservado a la circulación de ciclos, quedando prohibida su utilización a los demás usuarios de la vía. Las flechas indicarán el número de carriles de la calzada.",information,https://upload.wikimedia.org/wikipedia/commons/thumb/2/2f/Spain_traffic_signal%2C_S-65a%2C_2023_set.png/640px-Spain_traffic_signal%2C_S-65a%2C_2023_set.png,2025-03-09 21:22:06.716412+00,"Дорога, зарезервированная для велосипедистов, примыкающая к дороге с односторонним движением","Указывает на дорогах с односторонним движением, что полоса, на которой установлен знак, зарезервирована для движения велосипедистов, и использование этой полосы для других пользователей дороги запрещено. Стрелки будут указывать количество полос на дороге.",S‐65a
1957474e-43bd-44b7-8c1d-4da9aa461165,"Camino obligatorio para vehículos de tracción animal  ","Obligación para los conductores de vehículos de tracción animal de utilizar el camino a cuya entrada esté situada.
",mandatory,https://upload.wikimedia.org/wikipedia/commons/thumb/c/cf/Señal_r-408.svg/240px-Señal_r-408.svg.png,2025-03-09 17:59:34.335375+00,"Обязательный путь для гужевого транспорта ","Обязывает водителей гужевых повозок использовать путь, на въезде которого установлен данный знак.
","R‐408 "
19db380f-1b2a-4ec5-9454-c6e6aae14451,Adelantamiento prohibido para camiones,"Prohibición a los camiones cuya masa máxima autorizada exceda de 3.500 kilogramos de adelantar a los vehículos a motor que circulen por la calzada, incluso cuando dicha maniobra no implique invadir la zona reservada al sentido contrario de circulación. La prohibición se aplica desde el lugar en que esté situada la señal hasta la siguiente señal de “Fin de prohibición de adelantamiento” o “Fin de prohibiciones”.",priority,https://upload.wikimedia.org/wikipedia/commons/thumb/a/ab/Spain_traffic_signal_r306.svg/240px-Spain_traffic_signal_r306.svg.png,2025-03-04 20:51:58.527069+00,Обгон запрещён для грузовиков,"Запрещается обгонять автомобили с максимальной разрешённой массой более 3500 килограммов, даже если маневр не требует выезда на полосу встречного движения. Запрет действует с места установки знака до следующего знака ""Конец запрета на обгон"" или ""Конец запретов"".","R‐306 "
1b1fa719-978d-4327-9bc3-c66dd04bf9d3,Estacionamiento prohibido,"Prohibición de estacionamiento en el lado de la calzada en que esté situada la señal. Salvo indicación en contrario, la prohibición comienza en la vertical de la señal y termina en la intersección más próxima en el sentido de la marcha. No prohíbe la parada.",prohibition,https://upload.wikimedia.org/wikipedia/commons/thumb/0/01/Spain_traffic_signal_r308.svg/240px-Spain_traffic_signal_r308.svg.png,2025-03-09 16:55:28.25899+00,Стоянка запрещена,"Запрещается стоянка на той стороне проезжей части, где установлен знак. Если не указано иное, запрет начинается от места установки знака и заканчивается на ближайшем перекрёстке в направлении движения. Остановка не запрещена.","R‐308 "
1c4c172b-52a3-45cb-a849-7fe7e597d64e,Circulación en los dos sentidos,"Indica que la circulación es en ambos sentidos.
",señales_de_obras,https://upload.wikimedia.org/wikipedia/commons/thumb/b/bd/Spain_traffic_signal_tp25.svg/240px-Spain_traffic_signal_tp25.svg.png,2025-03-09 20:44:12.459872+00,Движение в обоих направлениях,Указывает на движение в обоих направлениях.,TP-25
1c9d68da-65cd-4479-a371-ba976b00778f,Bajada con fuerte pendiente,Peligro por la existencia de un tramo de vía con fuerte pendiente descendente. La cifra indica la pendiente en porcentaje,warning,https://upload.wikimedia.org/wikipedia/commons/thumb/d/da/Spain_traffic_signal_p16a.svg/1024px-Spain_traffic_signal_p16a.svg.png,2025-03-04 19:56:45.664616+00,Спуск с крутым уклоном,Опасность из-за наличия участка дороги с крутым спуском. Цифра указывает на уклон в процентах,P-16a
1f1e35a2-50aa-4af9-874c-fb3ab0bde25b,Teléfono,"Indica la situación de un aparato telefónico. En caso de incluir la inscripción “S.O.S”, indica la situación de un teléfono de uso permanente para advertir a las autoridades de la existencia de un accidente o emergencia en la vía.",information,https://upload.wikimedia.org/wikipedia/commons/thumb/3/3e/Spain_traffic_signal_s104.svg/800px-Spain_traffic_signal_s104.svg.png,2025-03-09 21:41:42.376079+00,Телефон,"Указывает на расположение телефонного аппарата. Если на знаке имеется надпись ""S.O.S"", это означает расположение телефона, предназначенного для постоянного использования с целью уведомления властей о происшествии или чрезвычайной ситуации на дороге.",S-104
1f494bee-6d77-47da-9e7e-fa8dbfe4e187,"Calzada obligatoria para vehículos que transporten mercancías peligrosas ","Obligación para los conductores de toda clase de vehículos que transporten mercancías peligrosas y requieran estar señalizados de acuerdo con su normativa específica de circular por la calzada a cuya entrada esté situada.
",mandatory,https://upload.wikimedia.org/wikipedia/commons/thumb/b/b7/Señal_r-414.svg/240px-Señal_r-414.svg.png,2025-03-09 18:10:07.432796+00," Обязательное движение для транспортных средств с опасными грузами","Обязывает водителей транспортных средств, перевозящих опасные грузы и требующих специальной маркировки согласно нормативным требованиям, двигаться по указанной дороге.","R‐414 "
2017efaf-cc85-4b91-9cc3-42a1234dde3e,Advertencias acústicas prohibidas,"Recuerda la prohibición general de efectuar señales acústicas, salvo para evitar un accidente.",prohibition,https://upload.wikimedia.org/wikipedia/commons/thumb/0/07/Spain_traffic_signal_r310.svg/240px-Spain_traffic_signal_r310.svg.png,2025-03-09 17:17:39.512698+00,Запрещены звуковые сигналы,"Напоминает об общем запрете на подачу звуковых сигналов, за исключением случаев предотвращения аварии.","R‐310 "
2084e41b-a177-46cf-9d47-35c70d295e1c,"Señalización de salida inmediata, con carteles sobre la calzada, en carretera convencional o carretera multicarril hacia carretera convencional o carretera multicarril y dirección propia.","Indica, en una carretera convencional o una carretera multicarril, la dirección propia de la carretera por la que se circula y los destinos de la salida del próximo nudo cuando esta dirige hacia una carretera convencional o una carretera multicarril.",information,https://estampacionescasado.com/wp-content/uploads/2020/09/S-350A-scaled.jpg,2025-03-10 20:38:34.409822+00,Предсигнализация немедленного съезда с табличками на проезжей части на обычной дороге или многополосной дороге на обычную дорогу или многополосную дорогу и собственное направление.,"Указывает, на обычной дороге или многополосной дороге, собственное направление дороги, по которой вы движетесь, и направления съезда следующего узла, если этот съезд ведет на обычную дорогу или многополосную дорогу.",S‐350a
2089e6c4-b5f3-4d1a-8284-976cd050073c,"Camino reservado y obligatorio para peatones  ","Obligación para los peatones de transitar por el camino a cuya entrada esté situada y prohibición a los demás usuarios de la vía de utilizarlo.
",mandatory,https://upload.wikimedia.org/wikipedia/commons/thumb/f/fa/Señal_r-410.svg/240px-Señal_r-410.svg.png,2025-03-09 18:01:29.336112+00,Выделенная и обязательная пешеходная дорожка,Обязывает пешеходов передвигаться по указанной дорожке и запрещает её использование другими участниками движения.,"R‐410 "
2100686f-f3f5-4070-a0e0-dadbe998d18f,Estacionamiento prohibido en vado," Prohíbe el estacionamiento delante de un vado.",prohibition,https://upload.wikimedia.org/wikipedia/commons/thumb/a/a3/Spain_traffic_signal_r308e.svg/135px-Spain_traffic_signal_r308e.svg.png,2025-03-09 17:00:05.240798+00," Стоянка запрещена перед въездом (воротами, зоной доступа, гаражом и т. д.)","Запрещается стоянка перед въездом (воротами, выездами, зонами доступа к собственности и т. д.).","R‐308e "
21b2e299-b19c-4831-9b18-06910970d31d,Semáforos,Peligro por la proximidad de una intersección aislada o tramo con la circulación regulada por semáforos,warning,https://upload.wikimedia.org/wikipedia/commons/thumb/5/5f/Spain_traffic_signal_p3.svg/1024px-Spain_traffic_signal_p3.svg.png,2025-03-04 18:56:18.863472+00,Светофоры,"Опасность из-за приближения к изолированному перекрёстку или участку дороги, движение на котором регулируется светофорами",P-3
227da3c4-b1f0-44b6-941f-f2f94375caf6,Bifurcación hacia la derecha en calzada de cuatro carriles,"Indica, en una calzada con cuatro carriles de circulación en el mismo sentido, que se producirá una bifurcación con cambio de dirección en el carril derecho.",information,https://upload.wikimedia.org/wikipedia/commons/thumb/c/cc/Spain_traffic_signal_s62b.svg/1024px-Spain_traffic_signal_s62b.svg.png,2025-03-09 21:10:42.86082+00,Развилка вправо на дороге с четырьмя полосами,"Указывает на участке дороги с четырьмя полосами в одном направлении, что будет происходить развилка с изменением направления в правом ряду.",S-62b
22eaef4e-1a53-41cb-ba11-fcbae9fe711c,"Preseñalización, con carteles sobre la calzada en autopista o autovía, de dos salidas muy próximas hacia cualquier tipo de carretera y dirección propia","Indica, en una autopista o una autovía, la dirección propia de la carretera por la que se circula y las direcciones de los ramales de dos salidas consecutivas. También indica la distancia a dichas salidas, los números o el número y letras de cada una de ellas.",information,https://estampacionescasado.com/wp-content/uploads/2020/09/S-242A-scaled.jpg,2025-03-10 19:45:47.052191+00,"Предварительное обозначение с табличками на проезжей части на автомагистрали или автостраде, двух выходов, расположенных очень близко друг к другу, на любую дорогу и собственное направление","Указывает на автомагистрали или автостраде собственное направление дороги, по которой осуществляется движение, а также направления двух последовательных съездов. Также указывается расстояние до этих съездов, их номера или номер и буквы для каждого из них.",S‐242a
23082835-3a91-4f3a-8bad-9dcc0fe3c87d,Entrada prohibida a vehículos que transporten mercancías explosivas o inflamables,Prohibición de acceso a toda clase de vehículos que transporten mercancías explosivas o fácilmente inflamables y requieran estar señalizados de acuerdo con su normativa específica.,priority,https://upload.wikimedia.org/wikipedia/commons/thumb/4/41/Spain_traffic_signal_r109.svg/240px-Spain_traffic_signal_r109.svg.png,2025-03-04 19:38:10.756077+00,"Въезд запрещён для транспортных средств, перевозящих взрывоопасные или легко воспламеняющиеся грузы","Въезд запрещён для всех транспортных средств, перевозящих взрывоопасные или легко воспламеняющиеся грузы и требующих обозначения в соответствии с их специальными нормативами",R‐109
231335c4-5999-4ece-9edc-287a2b719c15,"Preseñalización, con cartel lateral, en carretera convencional o carretera multicarril hacia carretera convencional o carretera multicarril y dirección propia","Indica, en una carretera convencional o una carretera multicarril, la dirección propia de la carretera por la que se circula y los destinos de las salidas del próximo nudo cuando estas dirigen hacia una carretera convencional o una carretera multicarril, así como la distancia a la que se encuentran dichas salidas.",information,https://estampacionescasado.com/wp-content/uploads/2020/09/S-220A-scaled.jpg,2025-03-10 19:08:10.259291+00,Предварительное обозначение с боковым щитом на обычной дороге или многополосной дороге в направлении другой обычной или многополосной дороги и основного направления,"Указывает на обычной дороге или многополосной дороге основное направление движения по данной дороге, а также направления выездов на следующей развязке, если они ведут на обычную дорогу или многополосную дорогу, и расстояние до этих выездов.",S‐220a
23e4deb7-789a-423e-8e49-81b7ad39a500,Giro a la izquierda prohibido,"Prohibición de girar a la izquierda. Incluye, también, la prohibición del cambio de sentido de marcha.",priority,https://upload.wikimedia.org/wikipedia/commons/thumb/1/18/Spain_traffic_signal_r303.svg/240px-Spain_traffic_signal_r303.svg.png,2025-03-04 20:48:05.92761+00,Поворот налево запрещён,Запрещается поворачивать налево. Также включает запрет на разворот.,"R‐303 "
24aaff3d-d14f-4132-9edb-e22145510c2a,Intersección con prioridad sobre vía a la izquierda,"Peligro por la proximidad de una intersección con una vía a la izquierda, cuyos usuarios deben ceder el paso",warning,https://upload.wikimedia.org/wikipedia/commons/thumb/5/57/Spain_traffic_sign_p1b.svg/1024px-Spain_traffic_sign_p1b.svg.png,2025-03-04 18:48:32.610751+00,Перекрёсток с приоритетом над дорогой слева,"Опасность из-за приближения к перекрёстку с дорогой слева, пользователи которой должны уступить дорогу",P-1b
24bfe8c6-4b07-4ca7-810b-03e2c2c6c066,Estacionamiento para usuarios del metro,"Indica la situación de una zona de estacionamiento, conectada con una estación de metro, y destinada principalmente para los vehículos de los usuarios que realizan una parte de su viaje en vehículo privado y la otra en metro.",information,https://upload.wikimedia.org/wikipedia/commons/thumb/7/78/Spain_traffic_signal_s125.svg/800px-Spain_traffic_signal_s125.svg.png,2025-03-09 22:12:00.141524+00,Парковка для пользователей метро,"Указывает расположение зоны парковки, связанной с станцией метро, предназначенной в первую очередь для автомобилей пользователей, которые совершают часть поездки на частном автомобиле и другую часть — на метро.",S‐125
25644ccc-e451-48c3-aae6-e0d9e8c47cf2,Obstrucción en la calzada,"Peligro por la proximidad de un lugar en que hay vehículos que obstruyen la calzada debido a avería, accidente u otras causas",warning,https://upload.wikimedia.org/wikipedia/commons/thumb/c/cc/Spain_traffic_signal_p32.svg/1024px-Spain_traffic_signal_p32.svg.png,2025-03-04 20:30:54.470487+00,Препятствие на проезжей части,"Опасность из-за приближения к участку дороги, где на проезжей части находятся транспортные средства, создающие препятствия из-за поломки, аварии или других причин",P-32
25b5d316-c4e5-42b6-9f4b-34b3008fe7f9,Desprendimiento,Peligro por la proximidad a una zona con desprendimientos frecuentes y la consiguiente posible presencia de obstáculos en la calzada,warning,https://upload.wikimedia.org/wikipedia/commons/thumb/6/6c/Spain_traffic_signal_p26.svg/1024px-Spain_traffic_signal_p26.svg.png,2025-03-04 20:23:16.932788+00,Обрушение,"Опасность из-за приближения к участку, где часто происходят обрушения, что может привести к появлению препятствий на проезжей части",P-26
25d5c965-475b-45a6-ba09-ade859b4df00,"Camino reservado y obligatorio para animales de montura  "," Obligación para los jinetes de utilizar con sus animales de montura el camino a cuya entrada esté situada y prohibición a los demás usuarios de la vía de utilizarlo.
",mandatory,https://upload.wikimedia.org/wikipedia/commons/thumb/7/7a/Spain_traffic_signal_r409.svg/240px-Spain_traffic_signal_r409.svg.png,2025-03-09 18:00:22.256552+00,"Выделенный и обязательный путь для верховых животных ",Обязывает всадников использовать данный путь для передвижения верхом и запрещает его использование другим участникам движения.,"R‐409 "
261b4a74-0403-4077-ba61-cba9307317d1,"Preseñalización, con cartel sobre la calzada, en carretera convencional o carretera multicarril hacia carretera convencional o carretera multicarril","Indica, en una carretera convencional o una carretera multicarril, los destinos de la salida del próximo nudo cuando esta dirige hacia una carretera convencional o una carretera multicarril, así como la distancia a la que se encuentra dicha salida.",information,https://estampacionescasado.com/wp-content/uploads/2020/09/S-230.jpg,2025-03-10 19:33:47.294417+00,Предварительное обозначение с табличкой на проезжей части на обычной дороге или многополосной дороге в сторону обычной дороги или многополосной дороги,"Указывает на обычной дороге или многополосной дороге направления выезда на следующем узле, когда этот выезд ведет на обычную дорогу или многополосную дорогу, а также расстояние до этого выезда.",S‐230
26b295de-d10b-4732-9bc3-ec35ca0ec27c,Estacionamiento prohibido hacia el lado de la señal indicado por la flecha,"Prohibición de estacionamiento en el lado de la calzada en que esté situada la señal, en el tramo comprendido entre la señal y la intersección o la señal R‐308h más próximas en el sentido que indica la flecha. No prohíbe la parada.",prohibition,"https://upload.wikimedia.org/wikipedia/commons/thumb/e/e4/Andorra_traffic_signal_II.A.20b.svg/640px-Andorra_traffic_signal_II.A.20b.svg.png ",2025-03-09 17:16:10.052946+00," Стоянка запрещена в сторону, указанную стрелкой","Запрещается стоянка на той стороне проезжей части, где установлен знак, на участке между этим знаком и ближайшим перекрёстком или знаком R‐308h в направлении, указанном стрелкой. Остановка не запрещена.","R‐308g "
274774ac-7605-4ef0-bb76-036deb35a383,"Semáforos ","Indica la presencia de semáforos en la intersección.
",señales_de_obras,https://upload.wikimedia.org/wikipedia/commons/thumb/5/5d/Spain_traffic_sign_tp3.svg/240px-Spain_traffic_sign_tp3.svg.png,2025-03-09 19:52:32.946223+00,Светофоры,Указывает на наличие светофоров на перекрестке.,"TP-3 "
27f8cc2c-de9a-418a-9940-015fbe2b6855,Circulación en los dos sentidos,Peligro por la proximidad de un tramo con circulación en ambos sentidos,warning,https://upload.wikimedia.org/wikipedia/commons/thumb/2/2e/Spain_traffic_signal_p25.svg/1024px-Spain_traffic_signal_p25.svg.png,2025-03-04 20:22:08.656815+00,Двустороннее движение,Опасность из-за приближения к участку дороги с двусторонним движением,P-25
28b07add-c3b1-490d-8ef3-c4050dcd6093,Calzada obligatoria para vehículos que transporten mercancías explosivas e inflamables,"

Obligación para los conductores de toda clase de vehículos que transporten mercancías explosivas o fácilmente inflamables y requieran estar señalizados de acuerdo con su normativa específica de circular por la calzada a cuya entrada esté situada.",mandatory,https://upload.wikimedia.org/wikipedia/commons/thumb/2/2e/Spain_traffic_signal_r416.svg/240px-Spain_traffic_signal_r416.svg.png,2025-03-09 18:11:50.95426+00,Обязательное движение для транспортных средств с взрывчатыми и легковоспламеняющимися грузами,"Обязывает водителей транспортных средств, перевозящих взрывчатые или легко воспламеняющиеся вещества и требующих специальной маркировки согласно нормативным требованиям, двигаться по указанной дороге.","R‐416 "
28e8e6c5-8904-4eaf-a66a-c218de0041e2,Fin de velocidad máxima aconsejada,Indica el final de un tramo en el que se recomienda circular a la velocidad en kilómetros por hora indicada en la señal.,information,https://upload.wikimedia.org/wikipedia/commons/thumb/0/06/Spain_traffic_signal_s8.svg/800px-Spain_traffic_signal_s8.svg.png,2025-03-09 18:26:06.19269+00,Конец рекомендуемой максимальной скорости,"Указывает конец участка, на котором рекомендуется двигаться с указанной на знаке максимальной скоростью в километрах в час.",S-8
29384027-5b3a-446c-85b4-42ed26a58038,Preseñalización de servicios en autopista o autovía.,"Indica, en una autopista o una autovía, la proximidad de una salida hacia los servicios señalizados. Si estos se encuentran ubicados en una población, el nombre de la misma podrá figurar en la primera línea del cartel y si están emplazados en una vía de servicio figurará la inscripción “vía de servicio”. En caso de que entre los servicios exista una estación de servicio, se indicará la distancia hasta la misma así como su horario de apertura. En el subcartel inferior figurará la distancia y horario de apertura de la siguiente estación de servicio en el sentido de la marcha. En los subcarteles superiores figurará el número de salida y la distancia hasta esta.",information,https://estampacionescasado.com/wp-content/uploads/2020/09/S-263.jpg,2025-03-10 20:01:17.682388+00,Предварительная сигнализация услуг на автомагистрали или автостраде,"Указывает на автомагистрали или автостраде близость выезда к указанным услугам. Если эти услуги расположены в населённом пункте, его название может быть указано в первой строке знака, а если они находятся на обслуживающей дороге, будет указана надпись ""обслуживающая дорога"". В случае, если среди услуг есть заправочная станция, указывается расстояние до неё и её часы работы. В нижней части таблички указывается расстояние и часы работы следующей заправочной станции в направлении движения. В верхней части табличек указывается номер выезда и расстояние до него.",S‐263
2a7a91f8-fec9-4f0a-a04d-a4214f0880d7,Badén,Peligro por la proximidad de un badén en la vía,warning,https://upload.wikimedia.org/wikipedia/commons/thumb/1/1d/Spain_traffic_signal_p15b.svg/1024px-Spain_traffic_signal_p15b.svg.png,2025-03-04 19:55:41.846724+00,Яма на дороге,Опасность из-за приближения к яме на дороге,P-15b
2bd77463-8d34-461d-9bf2-10f946c10c47,Preseñalización de servicios varios en autopista o autovía,"Indica, en una autopista o una autovía, la proximidad de una salida hacia los servicios señalizados tales como urbanización, puerto deportivo, zona deportiva, zona comercial, polígono industrial, parque empresarial y zona de ocio. En los subcarteles superiores figurará el número de salida y la distancia hasta esta.",information,https://estampacionescasado.com/wp-content/uploads/2020/09/S-268.jpg,2025-03-10 20:03:59.3496+00,Предварительная сигнализация различных услуг на автомагистрали или автостраде,"Указывает на автомагистрали или автостраде близость выезда к указанным услугам, таким как жилой комплекс, спортивная гавань, спортивная зона, торговая зона, промышленная зона, бизнес-парк и зона отдыха. На дополнительных табличках указывается номер выезда и расстояние до него.",S‐268
2d06c461-2a90-4c48-b0a4-c6fefebbe6cf,Carriles reservados para tráfico en función de la velocidad señalizada,"Indica que el carril sobre el que está situada la señal de velocidad mínima solo puede ser utilizado por los vehículos que circulen a velocidad igual o superior a la indicada, aunque si las circunstancias lo permiten deben circular por el carril de la derecha. El final de la obligatoriedad de velocidad mínima vendrá establecido por la señal S-52 o R-506.",information,https://upload.wikimedia.org/wikipedia/commons/thumb/4/42/Spain_traffic_signal_s50d.svg/1280px-Spain_traffic_signal_s50d.svg.png,2025-03-09 20:39:19.05721+00,"Полосы, зарезервированные для движения в зависимости от установленной скорости","Указывает, что полоса, на которой установлен знак минимальной скорости, может использоваться только транспортными средствами, движущимися с указанной или более высокой скоростью. Однако, если условия позволяют, транспортные средства должны двигаться по правой полосе. Конец обязательности минимальной скорости будет обозначен знаком S-52 или R-506.",S-50d
2d7bb7b7-4b31-43d5-bd1e-6acba3d43329,Escalón lateral,"Advierte de la presencia de un escalón lateral en la carretera.
",señales_de_obras,https://upload.wikimedia.org/wikipedia/commons/thumb/b/bf/Spain_traffic_signal_tp30.svg/240px-Spain_traffic_signal_tp30.svg.png,2025-03-09 20:46:38.971624+00,Боковой уступ,Предупреждает о наличии бокового уступа на дороге.,TP-30
2f466af5-d00a-4987-8e20-20a84a812ce8,"Señales de destino de salida inmediata hacia los servicios indicados, con salida compartida hacia autopista o autovía","Indica el lugar de salida hacia una zona, área o vía de servicios, siendo esta coincidente con una salida hacia una autopista o una autovía.",information,https://estampacionescasado.com/wp-content/uploads/2020/09/S-347-scaled.jpg,2025-03-10 20:21:59.51095+00,"Знаки направления немедленного съезда к указанным услугам, с совместным съездом на автомагистраль или автодорогу","Указывает место съезда к зоне, территории или пути с услугами, при этом этот съезд совпадает с выходом на автомагистраль или автодорогу.",S‐347
31bc1e1c-27c2-4b13-9f3b-e4270e979ba4,Peatones,Peligro por la proximidad de un lugar o tramo con elevado tránsito de peatones,warning,https://upload.wikimedia.org/wikipedia/commons/thumb/1/17/Spain_traffic_signal_p20.svg/1024px-Spain_traffic_signal_p20.svg.png,2025-03-04 20:14:02.691761+00,Пешеходы,Опасность из-за приближения к месту или участку с интенсивным движением пешеходов,P-20
333f3f8c-e1a2-4057-9f1f-df3c4ca7c087,Intersección con circulación glorieta,Peligro por la proximidad de una intersección donde la circulación se efectúa de forma giratoria en el sentido de las flechas,warning,https://upload.wikimedia.org/wikipedia/commons/thumb/c/c7/Spain_traffic_signal_p4.svg/1024px-Spain_traffic_signal_p4.svg.png,2025-03-04 18:57:35.483551+00,Перекрёсток с кольцевым движением,"Опасность из-за приближения к перекрёстку, где движение осуществляется по кругу в направлении стрелок",P-4
355068d0-f160-4a6e-83b5-6ca8d7e52b9e,Niños,"Peligro por la proximidad de un lugar frecuentado por niños, como una escuela, una zona de juegos, etc",warning,https://upload.wikimedia.org/wikipedia/commons/thumb/b/b7/Spain_traffic_signal_p21.svg/1024px-Spain_traffic_signal_p21.svg.png,2025-03-04 20:15:12.502321+00,Дети,"Опасность из-за приближения к месту, часто посещаемому детьми, например, школа, игровая площадка и т.д.",P-21
356ad1bc-5aa7-4d9b-9ac4-40ea3c0d7bb7,Calzada sin salida excepto para peatones o ciclos,Indica que la calzada que figura en la señal con un recuadro en rojo no tiene salida excepto para peatones o ciclos. Figurarán el o los pictogramas de los usuarios a los que afecte la excepción.,information,https://upload.wikimedia.org/wikipedia/commons/thumb/8/8c/Spain_traffic_signal_s15e%2C_2023_set.svg/640px-Spain_traffic_signal_s15e%2C_2023_set.svg.png,2025-03-09 18:47:27.929271+00,"Проезжая часть без выхода, кроме как для пешеходов или велосипедистов","Указывает, что проезжая часть, изображенная на знаке с красной рамкой, не имеет выхода, за исключением пешеходов или велосипедистов. На знаке будут изображены пиктограммы пользователей, к которым относится исключение.",S‐15e
35722bf4-b0f5-49e2-9a18-51f5a7b84c76,Panel doble direccional ancho," Proporciona guía en ambas direcciones en zonas amplias.
",additional,https://upload.wikimedia.org/wikipedia/commons/thumb/7/74/SeñalTB-3.svg/240px-SeñalTB-3.svg.png,2025-03-09 21:42:18.771889+00,Двойная широкая направляющая панель,Обеспечивает направление движения в обе стороны на широких участках.,TB-3
35bb0a59-12b1-435d-a137-d91a5f117a9e,Perfil irregular,Peligro por la proximidad de un resalto o badén en la vía o pavimento en mal estado,warning,https://upload.wikimedia.org/wikipedia/commons/thumb/3/32/Spain_traffic_signal_p15.svg/1024px-Spain_traffic_signal_p15.svg.png,2025-03-04 19:53:39.247341+00,Неровный профиль дороги,Опасность из-за приближения к подъему или выбоине на дороге или плохому состоянию покрытия,P-15
36a1e626-918a-47ba-9224-6ee41b54442a,Subida con fuerte pendiente,Peligro por la existencia de un tramo de vía con fuerte pendiente ascendente. La cifra indica la pendiente en porcentaje,warning,https://upload.wikimedia.org/wikipedia/commons/thumb/f/f2/Spain_traffic_signal_p16b.svg/1024px-Spain_traffic_signal_p16b.svg.png,2025-03-04 19:58:08.813466+00,Подъем с крутым уклоном,Опасность из-за наличия участка дороги с крутым подъёмом. Цифра указывает на уклон в процентах,P-16b
3963f4d8-9b7f-4c5e-a9b6-6642e5396d59,Cafetería,Indica la situación de un bar o cafetería.,information,https://upload.wikimedia.org/wikipedia/commons/thumb/a/ab/Spain_traffic_signal_s112.svg/800px-Spain_traffic_signal_s112.svg.png,2025-03-09 21:53:57.361933+00,Кафе,Указывает на расположение бара или кафе.,S-112
3af823e6-d16e-4610-9549-c004c3376e30,Entrada prohibida a vehículos de transporte de mercancías," Prohíbe el acceso a vehículos de transporte de mercancías.
",señales_de_obras,https://upload.wikimedia.org/wikipedia/commons/thumb/8/8c/Andorra_traffic_signal_II.A.5d.svg/240px-Andorra_traffic_signal_II.A.5d.svg.png,2025-03-09 20:53:43.189614+00,Въезд запрещен для грузовых транспортных средств,Запрещает въезд грузовым транспортным средствам.,TR-106
3d0dd6df-a6b2-4af2-bbae-497a38ed095a,Fin de autovía,Indica el final de una autovía.,information,https://upload.wikimedia.org/wikipedia/commons/thumb/0/00/Spain_traffic_signal_s2a.svg/800px-Spain_traffic_signal_s2a.svg.png,2025-03-09 18:12:11.408742+00,Конец скоростной дороги,Обозначает окончание скоростной дороги.,S-2a
3d936150-be72-457a-8576-4dda5bee8e7c," Fin de la limitación de velocidad "," Señala el lugar desde donde deja de ser aplicable una señal anterior de velocidad máxima.
",mandatory,https://upload.wikimedia.org/wikipedia/commons/thumb/d/d0/Spain_traffic_signal_r501.svg/240px-Spain_traffic_signal_r501.svg.png,2025-03-09 18:31:10.728819+00," Конец ограничения скорости","Обозначает место, с которого больше не действует предыдущее ограничение максимальной скорости.",R‐501
3db67cf4-efce-4953-91f8-3a8ba02bf256,Parada y estacionamiento prohibido hacia el lado de la señal indicado por la flecha,"Prohibición de parada y estacionamiento en el lado de la calzada en que esté situada la señal, en el tramo comprendido entre la señal y la intersección o la señal R‐307c más próximas en el sentido que indica la flecha.",prohibition,https://static.tildacdn.com/tild6435-3037-4636-b737-343463633365/r307b.jpg,2025-03-09 16:08:33.957935+00,"Остановка и стоянка запрещены в сторону, указанную стрелкой","Запрещается остановка и стоянка на той стороне проезжей части, где установлен знак, на участке между этим знаком и ближайшим перекрёстком или знаком R‐307c в направлении, указанном стрелкой.",R‐307b
3de21318-3259-4ab9-8742-7cc7f7043109,"Estacionamiento prohibido la primera quincena   ","Prohibición de estacionamiento en el lado de la calzada en que esté situada la señal, desde las 9 horas del día 1 hasta las 9 horas del día 16. Salvo indicación en contrario, la prohibición comienza en la vertical de la señal y termina en la intersección más próxima en sentido de la marcha. No prohíbe la parada.",prohibition,https://upload.wikimedia.org/wikipedia/commons/thumb/1/1f/Spain_traffic_signal_r308c.svg/240px-Spain_traffic_signal_r308c.svg.png,2025-03-09 16:57:46.829319+00,Стоянка запрещена в первую половину месяца,"Запрещается стоянка на той стороне проезжей части, где установлен знак, с 9:00 1-го числа месяца до 9:00 16-го числа месяца. Если не указано иное, запрет начинается от места установки знака и заканчивается на ближайшем перекрёстке в направлении движения. Остановка не запрещена.","R‐308c "
3ef76ebf-3e9a-4ae0-8424-246e90512305,Estrechamiento de calzada por la derecha,"Advierte de un estrechamiento en la calzada por el lado derecho.
",señales_de_obras,https://upload.wikimedia.org/wikipedia/commons/thumb/b/b5/Spain_traffic_signal_tp17a.svg/240px-Spain_traffic_signal_tp17a.svg.png,2025-03-09 20:05:33.40061+00,Сужение дороги справа,Предупреждает о сужении дороги с правой стороны.,TP-17a
3f7423b2-95dc-4fa3-8cd0-2664c5327a43,Entrada prohibida a peatones,Prohibición de acceso a peatones,priority,https://upload.wikimedia.org/wikipedia/commons/thumb/a/ae/Spain_traffic_signal_r116.svg/240px-Spain_traffic_signal_r116.svg.png,2025-03-04 19:49:09.084174+00,Проход запрещён для пешеходов,Запрещает движение пешеходов по данной дороге или участку,R‐116
40a13d51-2ce0-4cd7-9096-781274e3c887,Adelantamiento prohibido,"Prohíbe adelantar a otros vehículos.
",señales_de_obras,https://upload.wikimedia.org/wikipedia/commons/thumb/1/10/Andorra_traffic_signal_II.A.4a.svg/240px-Andorra_traffic_signal_II.A.4a.svg.png,2025-03-09 21:03:53.825533+00,Обгон запрещен,Запрещает обгон других транспортных средств.,TR-305
40d52ff9-a3d9-4134-a11f-c5378cc1825c," Limitación de ancho","Indica el ancho máximo permitido para los vehículos.
",señales_de_obras,https://upload.wikimedia.org/wikipedia/commons/thumb/7/74/Andorra_traffic_signal_II.A.6.svg/240px-Andorra_traffic_signal_II.A.6.svg.png,2025-03-09 20:55:36.656308+00,Ограничение ширины,Указывает максимально допустимую ширину транспортных средств.,TR-204
40ed0a65-05a8-47a7-9ec8-a57e974b99d9,Bastidor móvil,"Estructura móvil que se utiliza para señalizar desvíos o zonas de obras.
",señales_de_obras,https://upload.wikimedia.org/wikipedia/commons/thumb/e/e0/SeñalTB-14.svg/162px-SeñalTB-14.svg.png,2025-03-09 21:54:03.707748+00,Передвижная рама,"Передвижная конструкция, используемая для обозначения объездов или зон дорожных работ.",TB-14
41201bc9-4f9e-46a3-8d2c-42540ff2d8ad,"Señalización de salida inmediata, con cartel lateral, en carretera convencional o carretera multicarril hacia autopista o autovía y dirección propia","Indica, en una carretera convencional o una carretera multicarril, la dirección propia de la carretera por la que se circula y los destinos de las salidas del próximo nudo cuando estas dirigen hacia una autopista o una autovía.",information,https://estampacionescasado.com/wp-content/uploads/2020/09/S-349A.jpg,2025-03-10 20:35:18.567103+00,Предсигнализация немедленного съезда с боковой табличкой на обычной дороге или многополосной дороге на автомагистраль или автостраду с собственным направлением,"Указывает, на обычной дороге или многополосной дороге, собственное направление дороги, по которой движется транспортное средство, и направления съездов следующего узла, если эти съезды ведут на автомагистраль или автостраду.",S‐349a
416d5962-a8c8-4e90-b301-4013afb14878,Estrechamiento de calzada por la izquierda,"Advierte de un estrechamiento en la calzada por el lado izquierdo.
",señales_de_obras,https://upload.wikimedia.org/wikipedia/commons/thumb/b/be/Spain_traffic_signal_tp17b.svg/240px-Spain_traffic_signal_tp17b.svg.png,2025-03-09 20:06:24.919887+00,Сужение дороги слева,"Предупреждает о сужении дороги с левой стороны.
",TP-17b
41fea48b-9dec-4c2d-bb37-c8a6aff013bb,Fin de carretera 2+1,Indica el final de una carretera 2+1,information,https://upload.wikimedia.org/wikipedia/commons/thumb/9/9f/Spain_traffic_signal_s2c_2023.svg/399px-Spain_traffic_signal_s2c_2023.svg.png?20230729193912,2025-03-09 18:14:11.483462+00,Конец дороги 2+1,Обозначает окончание дороги 2+1.,S‐2c
433029a4-82ba-4b1a-b3e3-fb3ec5738c78,Otros servicios,"Señal genérica para cualquier otro servicio, que se inscribirá en el recuadro blanco.",information,https://upload.wikimedia.org/wikipedia/commons/thumb/9/9f/Spain_traffic_signal_s122.svg/75px-Spain_traffic_signal_s122.svg.png,2025-03-09 22:07:42.267044+00,Другие услуги,"Общая сигнализация для любых других услуг, которая будет размещена в белом прямоугольнике.",S-122
434cbf74-390a-4587-a4ac-831231dba355," Únicas direcciones y sentidos permitidos "," Las flechas señalan las únicas direcciones y sentidos que los vehículos pueden tomar.
",mandatory,https://upload.wikimedia.org/wikipedia/commons/thumb/3/34/Spain_traffic_signal_r403a.svg/240px-Spain_traffic_signal_r403a.svg.png,2025-03-09 17:34:32.335113+00," Единственные разрешённые направления движения"," Стрелки указывают единственные направления и стороны движения, которые разрешены для транспортных средств.",R‐403a
45ce8a45-ab6a-4b20-87e5-19573c267e0e,Congestión,Peligro por la proximidad de un tramo en el que frecuentemente la circulación se encuentra detenida o dificultada por congestión del tráfico,warning,https://upload.wikimedia.org/wikipedia/commons/thumb/5/56/Spain_traffic_signal_p31.svg/1024px-Spain_traffic_signal_p31.svg.png,2025-03-04 20:28:57.425505+00,Затор,"Опасность из-за приближения к участку дороги, где часто движение останавливается или затрудняется из-за пробок",P-31
460ba2f0-b1d1-4671-926a-d39bb9fe9972,Preseñalización de itinerario,Indica el itinerario que es preciso seguir para tomar la dirección que señala la flecha.,information,https://upload.wikimedia.org/wikipedia/commons/thumb/6/62/Spain_traffic_signal_s250.svg/1280px-Spain_traffic_signal_s250.svg.png,2025-03-10 19:55:28.523043+00,Предварительная сигнализация маршрута,"Указывает маршрут, который необходимо следовать, чтобы принять направление, отмеченное стрелкой.",S-250
476ec91d-afc8-40e9-8a82-c09719c56dd8,"Preseñalización, con cartel lateral, en carretera convencional o carretera multicarril hacia autopista o autovía","Indica, en una carretera convencional o una carretera multicarril, los destinos de las salidas del próximo nudo cuando estas dirigen hacia una autopista o una autovía, así como la distancia a la que se encuentran dichas salidas.",information,https://estampacionescasado.com/wp-content/uploads/2020/09/S-222.jpg,2025-03-10 19:28:51.340692+00,Предварительное обозначение с боковым щитом на обычной или многополосной дороге в направлении автомагистрали или скоростной дороги,"Указывает на обычной дороге или многополосной дороге направления выездов на следующей развязке, если они ведут на автомагистраль или скоростную дорогу, а также расстояние до этих выездов.",S‐222
48abc353-b275-4714-845c-527f9a5b1dac,Otros peligros,Indica la proximidad de un peligro distinto de los advertidos por otras señales.,warning,https://upload.wikimedia.org/wikipedia/commons/thumb/7/7c/Spain_traffic_sign_p50.svg/1024px-Spain_traffic_sign_p50.svg.png,2025-03-04 20:35:56.9514+00,Прочие опасности,"Указывает на приближение к опасности, не отмеченной другими знаками.",P-50
496516ad-76c7-4c35-a96c-df3ed93e4476,Bifurcación hacia la izquierda en calzada de dos carriles,"Indica, en una calzada con dos carriles de circulación en el mismo sentido, que se producirá una bifurcación con cambio de dirección en el carril izquierdo.",information,https://upload.wikimedia.org/wikipedia/commons/thumb/8/8f/Spain_traffic_signal_s60a.svg/800px-Spain_traffic_signal_s60a.svg.png,2025-03-09 21:03:07.134432+00,Развилка влево на дороге с двумя полосами,"Указывает на участке дороги с двумя полосами в одном направлении, что будет происходить развилка с изменением направления в левом ряду.",S-60a
4a3ae203-c9f8-4573-a8fb-8685d531cc9a,Cambio de sentido a distinto nivel,Indica la proximidad de una salida a través de la cual se puede efectuar un cambio de sentido a distinto nivel.,information,https://upload.wikimedia.org/wikipedia/commons/thumb/6/64/Spain_traffic_signal_s25.svg/800px-Spain_traffic_signal_s25.svg.png,2025-03-09 19:01:21.22499+00,Изменение направления на другом уровне,"Указывает на близость съезда, через который можно совершить разворот на другом уровне.",S-25
4b96ac2b-a8a7-4715-a095-a712cb3487d6,Entrada prohibida a ciclos y a vehículos de movilidad personal,Prohibición de acceso a ciclos y a vehículos de movilidad personal,priority,https://img.remediosdigitales.com/3e1cd4/r119/1366_2000.jpeg,2025-03-04 20:23:39.794009+00," Въезд запрещён для велосипедов и персональных средств передвижения","Запрещает движение велосипедов, других транспортных средств с педальным приводом, а также персональных средств передвижения, таких как электросамокаты и моноколёса","R‐119 "
4d3e3e76-a665-4124-91fb-38b9d2d28fc0,Calzada con prioridad,Indica a los conductores de los vehículos que circulen por una calzada su prioridad en las intersecciones sobre los vehículos que circulen por otra calzada.,priority,https://upload.wikimedia.org/wikipedia/commons/thumb/7/73/Spain_traffic_signal_r3.svg/240px-Spain_traffic_signal_r3.svg.png,2025-03-04 18:45:15.618092+00,Дорога с приоритетом,"Информирует водителей о том, что на данном участке дороги их транспортное средство имеет преимущество на перекрёстках перед транспортными средствами, движущимися по пересекаемой дороге.",R-3
4fe0064d-3d17-4575-8ff1-349aeef97f0c,Prioridad al sentido contrario,"
 Indica que los vehículos que circulan en sentido contrario tienen prioridad.
",señales_de_obras,https://upload.wikimedia.org/wikipedia/commons/thumb/5/59/Andorra_traffic_signal_I.22_temp.svg/240px-Andorra_traffic_signal_I.22_temp.svg.png,2025-03-09 20:52:03.119769+00,Приоритет встречного направления,"Указывает, что транспортные средства, движущиеся во встречном направлении, имеют приоритет.",TR-5
50004b10-50a3-4a66-9f50-382c8749a2b8,Cambio de sentido prohibido,Prohibición de efectuar la maniobra de cambio de sentido de la marcha.,priority,https://upload.wikimedia.org/wikipedia/commons/thumb/9/98/Spain_traffic_signal_r304.svg/240px-Spain_traffic_signal_r304.svg.png,2025-03-04 20:48:54.725542+00,Разворот запрещён,Запрещается маневр разворота.,R‐304
507d20c5-0539-4170-884c-70962968cc68,"Señalización de salida inmediata, con cartel lateral, en carretera convencional o carretera multicarril hacia carretera convencional o carretera multicarril y dirección propia","Indica, en una carretera convencional o una carretera multicarril, la dirección propia de la carretera por la que se circula y los destinos de las salidas del próximo nudo cuando estas dirigen hacia una carretera convencional o una carretera multicarril.",information,https://estampacionescasado.com/wp-content/uploads/2020/09/S-348A.jpg,2025-03-10 20:32:02.738666+00,Предсигнализация немедленного съезда с боковой табличкой на обычной дороге или многополосной дороге в направлении обычной дороги или многополосной дороги с собственным направлением,"Указывает, на обычной дороге или многополосной дороге, собственное направление дороги, по которой осуществляется движение, и направления съездов следующего узла, если эти съезды ведут на обычную дорогу или многополосную дорогу.",S‐348a
53009de2-4173-4c5f-9a15-1181489cf74b,Guirnalda,"Serie de luces o reflectores que se utilizan para marcar zonas de obras.
",señales_de_obras,https://upload.wikimedia.org/wikipedia/commons/thumb/b/be/SeñalTB-13.svg/240px-SeñalTB-13.svg.png,2025-03-09 21:53:15.52747+00,Гирлянда,"Серия огней или отражателей, используемых для обозначения зон дорожных работ.",TB-13
532a8690-3ed4-4944-8d85-cfeda2d0f8ec,"Fin de velocidad mínima ","Señala el lugar desde donde deja de ser aplicable una señal anterior de velocidad mínima.
",mandatory,https://upload.wikimedia.org/wikipedia/commons/thumb/c/c9/Spain_traffic_signal_r506.svg/240px-Spain_traffic_signal_r506.svg.png,2025-03-09 18:36:25.416667+00," Конец минимального ограничения скорости","Обозначает место, с которого больше не действует требование минимальной скорости.
","R‐506 "
53862dad-d722-4c91-bdfd-ce5a89c8449f,Bifurcación hacia la izquierda en calzada de tres carriles,"Indica, en una calzada con tres carriles de circulación en el mismo sentido, que se producirá una bifurcación con cambio de dirección en el carril izquierdo.",information,https://upload.wikimedia.org/wikipedia/commons/thumb/8/80/Spain_traffic_signal_s61a.svg/800px-Spain_traffic_signal_s61a.svg.png,2025-03-09 21:05:41.012568+00,Развилка влево на дороге с тремя полосами,"Указывает на участке дороги с тремя полосами в одном направлении, что будет происходить развилка с изменением направления в левом ряду.",S-61a
5394e0ca-8cf3-4056-8e13-51fd6ca5f631,Piquete," Se utiliza para marcar límites o zonas de peligro.
 ",additional,https://upload.wikimedia.org/wikipedia/commons/thumb/3/3d/SeñalTB-7.svg/47px-SeñalTB-7.svg.png,2025-03-09 21:45:44.282526+00,Стойка,Используется для обозначения границ или опасных зон.,TB-7
53a74bc5-0747-414e-bfcd-4801e85663bb,"Señalización de la primera salida inmediata de dos muy próximas, con carteles sobre la calzada, en autopista o autovía hacia autopista o autovía, destinos de la segunda salida y dirección propia","Indica, en la primera salida de dos muy próximas en una autopista o una autovía, la dirección propia de la carretera por la que se circula (cartel izquierdo y central), los destinos de la segunda salida (cartel central) y los destinos de la primera salida cuando esta dirige hacia una autopista o una autovía (cartel derecho). También indica el número de salida y en su caso la letra.",information,https://estampacionescasado.com/wp-content/uploads/2020/09/S-375-scaled.jpg,2025-03-10 20:52:54.502581+00,"Сигнализация первого съезда из двух очень близких, с табличками на проезжей части на автомагистрали или автостраде на автомагистраль или автостраду, назначения второго съезда и собственного направления.","Указывает, на первом съезде из двух очень близких на автомагистрали или автостраде, собственное направление движения по текущей дороге (левая и центральная табличка), назначения второго съезда (центральная табличка) и назначения первого съезда, если он ведет на автомагистраль или автостраду (правая табличка). Также указывается номер съезда и, если необходимо, буква.",S‐375
54b2fe12-6b4f-4c5b-b214-d517216d95fa,Tramo con accesos directos,"Peligro por la proximidad de un tramo en el que existen varios accesos directos a la vía, debiendo ceder el paso los usuarios de dichos accesos directos",warning,https://upload.wikimedia.org/wikipedia/commons/thumb/c/c6/Spain_traffic_signal_p1e.svg/1024px-Spain_traffic_signal_p1e.svg.png,2025-03-04 18:53:11.620682+00,Участок с прямыми выездами,"Опасность из-за приближения к участку дороги, где имеются несколько прямых выездов на основную дорогу. Пользователи этих выездов должны уступать дорогу",P-1e